seller_id,total_vendas,pedidos_atrasados,media_nota_cliente,taxa_atraso_perc
54965bbe3e4f07ae045b90b0b8541f52,86,26,2.94,30.23
2a1348e9addc1af5aaa619b1a3679d6b,55,15,3.0,27.27
bbad7e518d7af88a0897397ffdca1979,85,19,3.04,22.35
beadbee30901a7f61d031b6b686095ad,68,15,3.94,22.06
6039e27294dc75811c0d8a39069f52c0,76,16,3.84,21.05
a49928bcdf77c55c6d6e05e09a9b4ca5,106,22,2.95,20.75
2a261b5b644fa05f4f2700eb93544f2c,83,17,3.34,20.48
712e6ed8aa4aa1fa65dab41fed5737e4,88,17,3.46,19.32
ea566164622c6b439516ab18062c42cd,52,10,3.75,19.23
06a2c3af7b3aee5d69171b0e14f0ee87,406,78,4.0,19.21
0d85bbda9889ce1f7e63778d24f346eb,58,11,4.21,18.97
602044f2c16190c2c6e45eb35c2e21cb,60,11,2.93,18.33
cac4c8e7b1ca6252d8f20b2fc1a2e4af,84,15,3.52,17.86
cd68562d3f44870c08922d380acae552,132,23,3.84,17.42
99a54764c341d5dc80b4a8fac4eba3fb,67,11,3.47,16.42
2c9e548be18521d1c43cde1c582c6de8,174,28,3.92,16.09
56642bcb79900e777d68e91915cb4267,56,9,3.77,16.07
002100f778ceb8431b7a1020ff7ab48f,56,9,3.98,16.07
d20b021d3efdf267a402c402a48ea64b,107,17,3.65,15.89
88460e8ebdecbfecb5f9601833981930,311,49,3.35,15.76
e5a3438891c0bfdb9394643f95273d8e,257,40,3.81,15.56
11bfa66332777660bd0640ee84d47006,103,16,3.78,15.53
8160255418d5aaa7dbdc9f4c64ebda44,434,64,3.84,14.75
b561927807645834b59ef0d16ba55a24,95,14,4.34,14.74
6973a06f484aacf400ece213dbf3d946,117,17,3.53,14.53
0bf0150d5b9d60d9cd2906003332f085,62,9,3.71,14.52
05f51e13da97139648b8125c31e5f51b,63,9,4.1,14.29
e62b2d6ac10570a035a30bafcf01d263,71,10,3.83,14.08
b17b679f4f5ce2e03ce6968c62648246,57,8,3.61,14.04
432c37c9dfba871172ec162e20118b8c,57,8,4.18,14.04
1ca7077d890b907f89be8c954a02686a,137,19,2.2,13.87
900ba814c251a692506d7834c1218441,88,12,4.19,13.64
431af27f296bc6519d890aa5a05fdb11,126,17,3.78,13.49
8b9d6eec4a7eb7d0f9d579ce0b38324d,53,7,4.06,13.21
adbc26658d6c7b4b6219f9d934598091,92,12,4.05,13.04
f7ba60f8c3f99e7ee4042fdef03b70c4,232,30,4.21,12.93
440dd6ab244315c632130ecfb63827b1,95,12,3.85,12.63
8b28d096634035667e8263d57ba3368c,155,19,3.86,12.26
891071be6ba827b591264c90c2ae8a63,99,12,3.72,12.12
7e1fb0a3ebfb01ffb3a7dae98bf3238d,174,21,4.13,12.07
8f2ce03f928b567e3d56181ae20ae952,175,21,4.06,12.0
1eade46fba20122dc4aefb379f8c636b,75,9,4.31,12.0
855668e0971d4dfd7bef1b6a4133b41b,329,39,3.73,11.85
643214e62b870443ccbe55ab29a4dccf,68,8,4.43,11.76
048c2757535328e0d7dac690ad3c0aae,51,6,4.18,11.76
2e90cb1677d35cfe24eef47d441b7c87,137,16,4.04,11.68
7aa4334be125fcdd2ba64b3180029f14,240,28,4.05,11.67
903037660cf848a717166eb7a06d616e,60,7,3.77,11.67
ba143b05f0110f0dc71ad71b4466ce92,86,10,4.42,11.63
b33e7c55446eabf8fe1a42d037ac7d6d,155,18,4.15,11.61
b1fc4f64df5a0e8b6913ab38803c57a9,121,14,3.78,11.57
0b35c634521043bf4b47e21547b99ab5,78,9,3.49,11.54
a6fe7de3d16f6149ffe280349a8535a0,52,6,4.0,11.54
34056b8b55c1775a22af2331670a799c,78,9,4.0,11.54
fffd5413c0700ac820c7069d66d98c89,61,7,3.87,11.48
7ad32824caee82087b3e2e5f33b1bf32,184,21,3.77,11.41
c31eff8334d6b3047ed34bebd4d62c36,123,14,3.85,11.38
972d0f9cf61b499a4812cf0bfa3ad3c4,88,10,2.96,11.36
318f287a62ab7ac10b703ac37435a231,62,7,3.87,11.29
59b22a78efb79a4797979612b885db36,133,15,3.97,11.28
dd7ddc04e1b6c2c614352b383efe2d36,143,16,3.76,11.19
b2479f944e1b90cf8a5de1bbfde284d6,134,15,3.29,11.19
b499c00f28f4b7069ff6550af8c1348a,188,21,4.14,11.17
75d34ebb1bd0bd7dde40dd507b8169c3,72,8,3.82,11.11
7d13fca15225358621be4086e1eb0964,578,64,4.0,11.07
2eb70248d66e0e3ef83659f71b244378,213,23,2.71,10.8
6fd52c528dcb38be2eea044946b811f8,84,9,3.5,10.71
056b4ada5bbc2c50cc7842547dda6b51,66,7,4.12,10.61
897060da8b9a21f655304d50fd935913,434,46,3.4,10.6
f3da5b2ff499efb8d4a6d371d175d7dd,85,9,3.83,10.59
fd386aa7bed2af3c7035c65506c9b4a3,76,8,4.36,10.53
a416b6a846a11724393025641d4edd5e,181,19,4.16,10.5
4869f7a5dfa277a7dca6462dcf3b52b2,1156,121,4.12,10.47
50c9975695009e5e6473912e83a6d1da,68,7,3.99,10.29
5058e8c1e82653974541e83690655b4a,78,8,3.08,10.26
3db66a856d18a9cba7c9241fc5221c50,99,10,4.17,10.1
8444e55c1f13cd5c179851e5ca5ebd00,109,11,3.07,10.09
a673821011d0cec28146ea42f5ab767f,149,15,3.89,10.07
99eaacc9e6046db1c82b163c5f84869f,70,7,3.9,10.0
3df020b72d3d44b3af9d110fa3940b65,101,10,3.95,9.9
f46490624488d3ff7ce78613913a7711,91,9,3.46,9.89
42b729f859728f5079499127a9c2ef37,132,13,4.35,9.85
20cb7c2fde3e5bf10f0bbe7394e1c6a9,51,5,3.84,9.8
527801b552d0077ffd170872eb49683b,92,9,4.48,9.78
8e6d7754bc7e0f22c96d255ebda59eba,133,13,3.02,9.77
06579cb253ecd5a3a12a9e6eb6bf8f47,72,7,3.76,9.72
c3867b4666c7d76867627c2f7fb22e21,261,25,3.85,9.58
4a3ca9315b744ce9f8e9374361493884,2009,191,3.8,9.51
4e17c65a516f69d023a2ae78b84f28d6,74,7,4.08,9.46
e9d99831abad74458942f21e16f33f92,149,14,3.91,9.4
165fc07beebdcb6190fba8a06db2a449,64,6,3.69,9.38
f0b47fbbc6dee9aafe415a6e33051b3f,86,8,4.23,9.3
e9bc59e7b60fc3063eb2290deda4cced,269,25,3.94,9.29
b18dc380845b24038cfc48006478f099,54,5,3.92,9.26
70a12e78e608ac31179aea7f8422044b,328,30,3.77,9.15
a888faf2d1baececa6baf9c3d603ee1f,55,5,4.05,9.09
f84a00e60c73a49e7e851c9bdca3a5bb,99,9,3.67,9.09
fa1c13f2614d7b5c4749cbc52fecda94,586,53,4.34,9.04
5343d0649eca2a983820bfe93fc4d17e,111,10,3.61,9.01
23d7c96d4a1160db1c726b248601b25a,56,5,3.81,8.93
634964b17796e64304cadf1ad3050fb7,326,29,3.86,8.9
0dd184061fb0eaa7ca37932c68ab91c5,193,17,3.95,8.81
4e922959ae960d389249c378d1c939f5,454,40,3.9,8.81
7c67e1448b00f6e969d365cea6b010ab,1375,121,3.35,8.8
a3e9a2c700480d9bb01fba070ba80a0e,148,13,4.01,8.78
1835b56ce799e6a4dc4eddc053f04066,560,49,3.59,8.75
23613d49c3ac2bd302259e55c06c050c,80,7,3.66,8.75
f84fa566034f5e8e880a07ec624c56af,103,9,4.27,8.74
d13e50eaa47b4cbe9eb81465865d8cfc,69,6,4.81,8.7
77530e9772f57a62c906e1c21538ab82,392,34,4.05,8.67
ececbfcff9804a2d6b40f589df8eef2b,105,9,4.12,8.57
aac29b1b99776be73c3049939652091d,140,12,3.94,8.57
8648b1e89e9b349e32d3741b30ec737e,105,9,4.04,8.57
7d76b645482be4a332374e8223836592,187,16,3.93,8.56
8b321bb669392f5163d04c59e235e066,1018,87,4.0,8.55
fe2032dab1a61af8794248c8196565c9,306,26,4.38,8.5
cfb1a033743668a192316f3c6d1d2671,189,16,3.93,8.47
5d0363b33554b373851fc1622e4d5f3c,95,8,4.05,8.42
4c2b230173bb36f9b240f2b8ac11786e,347,29,3.76,8.36
ce7d1888639e6fb06b2749cbfdac1ff7,84,7,4.11,8.33
522620dcb18a6b31cd7bdf73665113a9,180,15,3.9,8.33
ea8482cd71df3c1969d7b9473ff13abc,1204,100,3.95,8.31
1336efc61c316ddf92c899eb817f7cae,85,7,3.94,8.24
620c87c171fb2a6dd6e8bb4dec959fc6,804,66,4.22,8.21
17f51e7198701186712e53a39c564617,61,5,4.34,8.2
76d5af76d0271110f9af36c92573f765,159,13,4.08,8.18
218d46b86c1881d022bce9c68a7d4b15,429,35,4.14,8.16
f27e33c6d29b5138fa9967bcd445b6d5,98,8,4.09,8.16
1d8dbc4f32378d715c717c1c1fc57bae,98,8,3.9,8.16
b14db04aa7881970e83ffa9426897925,111,9,3.76,8.11
3b15288545f8928d3e65a8f949a28291,124,10,3.85,8.06
391fc6631aebcf3004804e51b40bcf1e,627,50,3.95,7.97
37515688008a7a40ac93e3b2e4ab203f,240,19,4.08,7.92
ef506c96320abeedfb894c34db06f478,341,27,3.9,7.92
8581055ce74af1daba164fdbd55a40de,443,35,4.23,7.9
7ddcbb64b5bc1ef36ca8c151f6ec77df,344,27,3.9,7.85
729f06993dac8e860d4f02d7088ca48a,115,9,4.29,7.83
715bbd5ba4e6b74cb0d2f29eb45058b0,64,5,4.47,7.81
16090f2ca825584b5a147ab24aa30c86,410,32,4.04,7.8
1f50f920176fa81dab994f9023523100,1940,151,3.98,7.78
7681ef142fd2c19048da7430856b5588,78,6,4.13,7.69
9646c3513289980f17226a2fc4720dbd,78,6,4.26,7.69
058fd0aa2bfdb2274e05e1ae971dabb6,65,5,4.38,7.69
cbd996ad3c1b7dc71fd0e5f5df9087e2,196,15,4.08,7.65
9c0e69c7bf2619675bbadf47b43f655a,210,16,4.0,7.62
6f892e20a171e98efe17fdb971ff319b,53,4,3.73,7.55
8e8a7ce9f2f970dc00e2acf6f6e199f6,67,5,4.0,7.46
ce248b21cb2adc36282ede306b7660e5,67,5,4.21,7.46
04308b1ee57b6625f47df1d56f00eedf,94,7,3.88,7.45
6a8b085f816a1f75f92dbac6eb545f8f,136,10,4.12,7.35
54a1852d1b8f10312c55e906355666ee,205,15,4.34,7.32
624f4ece8da4aafb77699233d480f8ef,55,4,4.19,7.27
a420f60ff1aa9acc80d0e42959f2b313,69,5,3.93,7.25
f262cbc1c910c83959f849465454ddd3,208,15,4.09,7.21
213b25e6f54661939f11710a6fddb871,195,14,3.79,7.18
e59aa562b9f8076dd550fcddf0e73491,84,6,4.25,7.14
6860153b69cc696d5dcfe1cdaaafcf62,84,6,4.16,7.14
c9c7905cffc4ef9ff9f113554423e671,140,10,4.16,7.14
e24fc9fcd865784fb25705606fe3dfe7,56,4,4.2,7.14
70c27847eca8195c983ed7e798c56743,98,7,4.2,7.14
ef0ace09169ac090589d85746e3e036f,141,10,4.34,7.09
e5a38146df062edaf55c38afa99e42dc,127,9,3.95,7.09
17e34d8224d27a541263c4c64b11a56b,268,19,4.14,7.09
d673a59aac7a70d8b01e6902bf090a11,85,6,3.98,7.06
c8b0e2b0a7095e5d8219575d5e7e1181,85,6,4.05,7.06
66922902710d126a0e7d26b0e3805106,156,11,4.45,7.05
7040e82f899a04d1b434b795a43b4617,228,16,3.53,7.02
c826c40d7b19f62a09e2d7c5e7295ee2,373,26,4.04,6.97
6fc26fe110feebd80a433e1f012a84f9,72,5,4.01,6.94
7142540dd4c91e2237acb7e911c4eba2,334,23,4.04,6.89
edb1ef5e36e0c8cd84eb3c9b003e486d,175,12,4.43,6.86
004c9cd9d87a3c30c522c48c4fc07416,176,12,4.13,6.82
f214d28e8d8e3ef068748498ccc2f813,59,4,4.02,6.78
f7ccf836d21b2fb1de37564105216cc1,74,5,3.82,6.76
bd0389da23d89b726abf911cccc54596,90,6,4.2,6.67
de23c3b98a88888289c6f5cc1209054a,181,12,4.28,6.63
48436dade18ac8b2bce089ec2a041202,151,10,4.05,6.62
dc4a0fc896dc34b0d5bfec8438291c80,258,17,3.74,6.59
1025f0e2d44d7041d6cf58b6550e0bfa,1443,95,3.85,6.58
e067ad2c1c0b48758eb1b5228bcf7a68,61,4,4.13,6.56
f5a590cf36251cf1162ea35bef76fe84,122,8,4.24,6.56
aba1721a889e04decc910aa13b768ef4,92,6,4.46,6.52
f45122a9ab94eb4f3f8953578bc0c560,200,13,3.91,6.5
d6b1ce66b035a475f00c017792ff9769,108,7,4.17,6.48
8a130737016f838139d31878787a39c9,62,4,4.35,6.45
1900267e848ceeba8fa32d80c1a5f5a8,532,34,3.85,6.39
7e3f87d16fb353f408d467e74fbd8014,94,6,4.13,6.38
00ee68308b45bc5e2660cd833c3f81cc,173,11,4.33,6.36
da8622b14eb17ae2831f4ac5b9dab84a,1574,100,4.07,6.35
4a3ccda38b2129705f3fb522db62ca31,79,5,3.73,6.33
955fee9216a65b617aa5c0531780ce60,1501,95,4.05,6.33
4371b634e0efc0e22b09b52907d9d469,112,7,4.41,6.25
f80edd2c5aaa505cc4b0a3b219abf4b8,128,8,4.08,6.25
6d66611d7c44cc30ce351abc49a68421,176,11,3.91,6.25
ccc4bbb5f32a6ab2b7066a4130f114e3,192,12,4.28,6.25
96493fab2fbb13a14d0c0e8772eef5c3,64,4,4.03,6.25
d05ae8f7a5bd1d2a690a44cd079e4e27,81,5,3.79,6.17
e9779976487b77c6d4ac45f75ec7afe9,751,46,4.17,6.13
0be8ff43f22e456b4e0371b2245e4d01,180,11,3.89,6.11
70eea00b476a314817cefde4aad4f89a,115,7,4.35,6.09
5b925e1d006e9476d738aa200751b73b,66,4,4.61,6.06
834f3294fba9f932f56edc879193f925,66,4,4.55,6.06
b2ba3715d723d245138f291a6fe42594,363,22,4.11,6.06
d1c281d3ae149232351cd8c8cc885f0d,249,15,3.81,6.02
3be634553519fb6536a03e1358e9fdc7,100,6,3.92,6.0
f4aba7c0bca51484c30ab7bdc34bcdd1,117,7,3.9,5.98
4c18691b6037662be2df78a765d98ab5,67,4,3.84,5.97
6d803cb79cc31c41c4c789a75933b3c7,68,4,4.28,5.88
9b00ed88b7fdb95d6ff76e27c1b52d16,51,3,4.51,5.88
82e0a475a88cc9595229d8029273f045,85,5,3.32,5.88
1554a68530182680ad5c8b042c3ab563,272,16,4.25,5.88
4b9750c8ad28220fe6702d4ecb7c898f,222,13,4.35,5.86
25c5c91f63607446a97b143d2d535d31,274,16,3.7,5.84
5656537e588803a555b8eb41f07a944b,189,11,3.8,5.82
1bb2bdb95f4841f1bba2c0d2cd83d3c9,86,5,4.59,5.81
dc8798cbf453b7e0f98745e396cc5616,52,3,3.13,5.77
c9aafcd0621b2207c10e32c649cada4d,52,3,4.02,5.77
7ea5bfa6c340f58f8e71fc1f0412b0d6,104,6,4.08,5.77
2e1c9f22be269ef4643f826c9e650a52,174,10,4.16,5.75
827f8f69dfa529c561901c4f2e0f332f,105,6,4.25,5.71
8d956fec2e4337affcb520f56fd8cbfd,229,13,4.19,5.68
951e8cef368f09bb3f3d03c00ca4702c,71,4,4.12,5.63
3c7c4a49ec3c6550809089c6a2ca9370,161,9,3.69,5.59
7a241947449cc45dbfda4f9d0798d9d0,72,4,3.58,5.56
2a7dc43cecabf23403078e2188437d1d,54,3,4.09,5.56
8a32e327fe2c1b3511609d81aaf9f042,182,10,3.78,5.49
59fb871bf6f4522a87ba567b42dafecf,129,7,4.22,5.43
5f2684dab12e59f83bef73ae57724e45,74,4,3.77,5.41
4992e76a42cb3aad7a7047e0d3d7e729,74,4,3.84,5.41
3d871de0142ce09b7081e2b9d1733cb1,1148,62,4.11,5.4
f457c46070d02cadd8a68551231220dd,242,13,3.79,5.37
09f952a5f58d2285b0372551ae8f9b01,56,3,3.88,5.36
46dc3b2cc0980fb8ec44634e21d2718e,542,29,4.18,5.35
01fdefa7697d26ad920e9e0346d4bd1b,131,7,4.35,5.34
17a053fcb14bd219540cbde0df490be0,150,8,4.21,5.33
1127b7f2594683f2510f1c2c834a486b,133,7,4.1,5.26
dd2bdf855a9172734fbc3744021ae9b9,114,6,3.8,5.26
994f04b3718c2bab35c2adfa8afecd2a,57,3,4.28,5.26
5dceca129747e92ff8ef7a997dc4f8ca,346,18,3.99,5.2
dc317f341ab0e22f39acbd9dbf9b4a1f,58,3,4.12,5.17
8e6cc767478edae941d9bd9eb778d77a,116,6,3.9,5.17
08633c14ef2db992c11f840f04fad4cd,97,5,4.24,5.15
7a67c85e85bb2ce8582c35f2203ad736,1175,60,4.23,5.11
d9a84e1403de8da0c3aa531d6d108ba6,59,3,4.56,5.08
bfd27a966d91cfaafdb25d076585f0da,118,6,4.28,5.08
1f9ab4708f3056ede07124aad39a2554,79,4,4.09,5.06
6560211a19b47992c3666cc44a7e94c0,2039,103,3.91,5.05
c70c1b0d8ca86052f45a432a38b73958,338,17,4.3,5.03
001cca7ae9ae17fb1caed9dfb1094831,239,12,3.9,5.02
a17f621c590ea0fab3d5d883e1630ec6,80,4,4.09,5.0
b6d44737c043328708f6749c2dbe50bd,80,4,4.53,5.0
d650b663c3b5f6fb392b6326366efa9a,60,3,4.2,5.0
fa40cc5b934574b62717c68f3d678b6d,341,17,4.43,4.99
f8db351d8c4c4c22c6835c19a46f01b0,726,36,4.22,4.96
c003204e1ab016dfa150abc119207b24,202,10,4.42,4.95
cc419e0650a3c5ba77189a1882b7556a,1819,90,4.07,4.95
d9bd94811c3338dceb4181f3dbc0c73e,61,3,4.82,4.92
45d33f715e24d15a6ccf5c17b3a23e3c,61,3,4.05,4.92
8cbac7e12637ed9cffa18c7875207478,82,4,4.15,4.88
fdb9095204a334cd8872252ffec6f2db,62,3,4.13,4.84
8f119a0aee85c0c8fc534629734e94fd,83,4,4.22,4.82
a1043bafd471dff536d0c462352beb48,770,37,4.19,4.81
ceaec5548eefc6e23e6607c5435102e7,211,10,4.15,4.74
870d0118f7a9d85960f29ad89d5d989a,64,3,4.06,4.69
850f4f8af5ea87287ac68de36e29107f,192,9,4.29,4.69
670c26e0f1bf8d0576271d5cfaec6d2b,87,4,4.31,4.6
44073f8b7e41514de3b7815dd0237f4f,153,7,3.76,4.58
53e4c6e0f4312d4d2107a8c9cddf45cd,525,24,4.05,4.57
d2374cbcbb3ca4ab1086534108cc3ab7,657,30,3.64,4.57
05d2173d43ea568aa0540eba70d2ca76,66,3,4.0,4.55
4830e40640734fc1c52cd21127c341d4,221,10,4.1,4.52
0c8380b62e38e8a1e6adbeba7eb9688c,222,10,4.04,4.5
01cf7e3d21494c41fb86034f2e714fa1,67,3,4.21,4.48
2138ccb85b11a4ec1e37afbd1c8eda1f,430,19,3.9,4.42
0241d4d5d36f10f80c644447315af0bd,249,11,4.28,4.42
5a8e7d5003a1f221f9e1d6e411de7c23,181,8,4.17,4.42
7e93a43ef30c4f03f38b393420bc753a,340,15,4.21,4.41
92eb0f42c21942b6552362b9b114707d,365,16,3.93,4.38
cca3071e3e9bb7d12640c9fbe2301306,849,37,3.85,4.36
7d456afc660226829370f3173d14520c,93,4,4.29,4.3
128639473a139ac0f3e5f5ade55873a5,560,24,4.18,4.29
d50d79cb34e38265a8649c383dcffd48,70,3,4.25,4.29
1b4c3a6f53068f0b6944d2d005c9fc89,118,5,4.11,4.24
dbb9b48c841a0e39e21f98e1a6b2ec3e,118,5,4.2,4.24
dee656f0f566ed1aa85bd137c943f08f,95,4,4.38,4.21
41b39e28db005d9731d9d485a83b4c38,238,10,4.13,4.2
0adac9fbd9a2b63cccaac4f8756c1ca8,143,6,3.89,4.2
2528513dd95219a6013d4d05176e391a,167,7,3.95,4.19
a3a38f4affed601eb87a97788c949667,263,11,4.39,4.18
7299e27ed73d2ad986de7f7c77d919fa,361,15,4.42,4.16
79ebd9a61bac3eaf882805ed4ecfa12a,145,6,4.01,4.14
db4350fd57ae30082dec7acbaacc17f9,146,6,4.12,4.11
81a1104df0f08b59c68aa5b03cfe398e,73,3,4.27,4.11
87142160b41353c4e5fca2360caf6f92,342,14,4.37,4.09
6edacfd9f9074789dad6d62ba7950b9c,220,9,4.36,4.09
1c129092bf23f28a5930387c980c0dfc,220,9,4.17,4.09
0509040ea3fe50071181bbc359eb7738,98,4,4.5,4.08
7b07b3c7487f0ea825fc6df75abd658b,98,4,4.34,4.08
18a349e75d307f4b4cc646a691ed4216,148,6,3.39,4.05
0c7533c71df861ec58ad7ff999ed0e8d,74,3,4.04,4.05
066a6914e1ebf3ea95a216c73a986b91,74,3,3.97,4.05
e333046ce6517bd8bb510291d44f0130,74,3,4.39,4.05
dbd66278cbfe1aa1000f90a217ca4695,99,4,4.45,4.04
9d4db00d65d7760644ac0c14edb5fd86,100,4,4.52,4.0
813348c996469b40f2e028d5429d3495,202,8,4.0,3.96
1da3aeb70d7989d1e6d9b0e887f97c23,330,13,4.07,3.94
688756f717c462a206ad854c5027a64a,102,4,3.77,3.92
c33847515fa6305ce6feb1e818569f13,128,5,3.72,3.91
94144541854e298c2d976cb893b81343,77,3,4.29,3.9
080102cd0a76b09e0dcf55fcacc60e05,130,5,4.49,3.85
abcd2cb37d46c2c8fb1bf071c859fc5b,52,2,4.25,3.85
7008613ea464bad5cb9b83456e1e6a8f,156,6,4.28,3.85
aafe36600ce604f205b86b5084d3d767,131,5,4.38,3.82
f7720c4fa8e3aba4546301ab80ea1f1b,79,3,4.19,3.8
4d6d651bd7684af3fffabd5f08d12e5a,397,15,4.18,3.78
cd06602b43d8800bd0afad514919d35c,53,2,3.68,3.77
669ae81880e08f269a64487cfb287169,188,7,4.1,3.72
9f505651f4a6abe901a56cdc21508025,431,16,4.28,3.71
20d83f3ef0e6925fd74bfd59170babf7,54,2,4.35,3.7
0691148aee60ca47977c187804f935ae,54,2,4.0,3.7
9de4643a8dbde634fe55621059d92273,81,3,4.53,3.7
640e21a7d01df7614a3b4923e990d40c,137,5,4.26,3.65
0db783cfcd3b73998abc6e10e59a102f,137,5,4.21,3.65
2dee2ce60de9709b1a24083217181a1f,55,2,4.36,3.64
cb3dd9ce66268c7a3ca7241ac70ab58c,55,2,4.2,3.64
282f23a9769b2690c5dda22e316f9941,110,4,4.3,3.64
7202e2ba20579a9bd1acb29e61fe71f6,55,2,3.83,3.64
eeb6de78f79159600292e314a77cbd18,84,3,4.43,3.57
701938c450705b8ae65fc923b70f35c7,112,4,3.77,3.57
d91fb3b7d041e83b64a00a3edfb37e4f,565,20,4.1,3.54
710e3548e02bc1d2831dfc4f1b5b14d4,142,5,3.4,3.52
00fc707aaaad2d31347cf883cd2dfe10,142,5,3.74,3.52
750303a20e9c56b2a6bc45cdce0b897d,57,2,4.28,3.51
a7f13822ceb966b076af67121f87b063,86,3,3.44,3.49
c864036feaab8c1659f65ea4faebe1da,58,2,4.57,3.45
376a891762bbdecbc02b4b6adec3fdda,58,2,4.67,3.45
537eb890efff034a88679788b647c564,174,6,4.17,3.45
30a2f535bb48308f991d0b9ad4a8c4bb,88,3,4.26,3.41
ebd2d60905fb58271facef5596b620d3,88,3,4.12,3.41
6b243f80ed07b10f0e8aa0f21a205f3c,89,3,4.02,3.37
1c68394e931a64f90ea236c5ea590300,178,6,3.94,3.37
c6bda72e4dbf5c5866b13cb1810c6d03,60,2,4.38,3.33
1a3df491d1c4f1589fc2b934ada68bf2,180,6,4.16,3.33
062ce95fa2ad4dfaedfc79260130565f,60,2,3.97,3.33
4e7c18b98d84e05cbae3ff0ff03846c2,91,3,4.14,3.3
729b2d09b2a0bdab221076327f13d050,61,2,4.52,3.28
3bdff180c7e1f6551a643b99c265a120,61,2,4.02,3.28
0b90b6df587eb83608a64ea8b390cf07,216,7,4.0,3.24
e8b3a3a38279a82f0e5d006d5e5b7d2c,93,3,3.74,3.23
7178f9f4dd81dcef02f62acdf8151e01,218,7,4.03,3.21
de722cd6dad950a92b7d4f82673f8833,379,12,4.16,3.17
e7d5b006eb624f13074497221eb37807,63,2,3.11,3.17
2ff97219cb8622eaf3cd89b7d9c09824,96,3,4.54,3.12
05ff92fedb5be47920fea08e501238b9,64,2,4.17,3.12
3078096983cf766a32a06257648502d1,64,2,4.2,3.12
ff063b022a9a0aab91bad2c9088760b7,96,3,4.28,3.12
9b013e03b2ab786505a1d3b5c0756754,225,7,4.0,3.11
febab0275244b9a49a623f0bd613ca2f,129,4,4.26,3.1
95e03ca3d4146e4011985981aeb959b9,195,6,3.99,3.08
36a968b544695394e4e9d7572688598f,163,5,3.64,3.07
cce6ab8d1682639fe45ab70234f1665f,66,2,4.44,3.03
80e6699fe29150b372a0c8a1ebf7dcc8,100,3,4.29,3.0
1838dd9b8977065acf51d95e0053ea7a,67,2,4.24,2.99
562fc2f2c2863ab7e79a9e4388a58a14,270,8,4.24,2.96
b76dba6c951ab00dc4edf0a1aa88037e,169,5,4.15,2.96
95f83f51203c626648c875dd41874c7f,68,2,3.18,2.94
53243585a1d6dc2643021fd1853d8905,410,12,4.08,2.93
aced59e9b31ef866a94f9e7f29d8d418,69,2,4.43,2.9
1e8b33f18b4f7598d87f5cbee2282cc2,140,4,4.28,2.86
76d64c4aca3a7baf218bf93ef7fa768d,70,2,4.13,2.86
b92e3c8f9738272ff7c59e111e108d7c,71,2,4.07,2.82
7722b1df1b0e383e000397b2c11e3e19,145,4,4.22,2.76
116ccb1a1604bc88e4d234a8c23f33de,73,2,4.6,2.74
d94a40fd42351c259927028d163af842,110,3,4.1,2.73
fcb5ace8bcc92f75707dc0f01a27d269,74,2,3.81,2.7
aaed1309374718fdd995ee4c58c9dfcd,112,3,4.05,2.68
966cb4760537b1404caedd472cc610a5,76,2,3.85,2.63
25e6ffe976bd75618accfe16cefcbd0d,117,3,4.38,2.56
5f1dc28029d2c244352a68107ec2b542,78,2,4.43,2.56
98dac6635aee4995d501a3972e047414,195,5,3.88,2.56
9e6229250fedbe05838fef417b74e7fb,78,2,3.9,2.56
709e16e2b25c7474d980076c6bfc4806,80,2,4.53,2.5
37be5a7c751166fbc5f8ccba4119e043,286,7,4.3,2.45
516e7738bd8f735ac19a010ee5450d8d,84,2,4.55,2.38
2a84855fd20af891be03bc5924d2b453,169,4,4.23,2.37
b4ffb71f0cb1b1c3d63fad021ecf93e1,172,4,4.02,2.33
dbc22125167c298ef99da25668e1011f,430,10,4.23,2.33
0432ead42b6c8a0bdf68154add917fdf,90,2,4.48,2.22
bd23da7354813347129d751591d1a6e2,91,2,4.03,2.2
d98eec89afa3380e14463da2aabaea72,184,4,4.29,2.17
85d9eb9ddc5d00ca9336a2219c97bb13,525,11,4.17,2.1
8bb48dc19fccaa8613b6229bf7f452a2,96,2,4.34,2.08
229c3efbfb0ea2058de4ccdfbc3d784a,148,3,3.64,2.03
9674754b5a0cb32b638cec001178f799,100,2,4.03,2.0
e0a366315b1b726b6c7832d664c0f530,51,1,4.33,1.96
5cf13accae3222c70a9cac40818ae839,156,3,4.44,1.92
ac3508719a1d8f5b7614b798f70af136,104,2,4.57,1.92
cab85505710c7cb9b720bceb52b01cee,211,4,4.29,1.9
86ccac0b835037332a596a33b6949ee1,212,4,4.0,1.89
8a432f4e5b471f8da497d7dc517666e2,106,2,4.2,1.89
efcd8d2104f1a05d028af7bad20d974b,54,1,4.19,1.85
f680f85bee2d253556ac91be391d2c82,54,1,4.3,1.85
83e197e95a1bbabc8c75e883ed016c47,55,1,4.75,1.82
a5cba26a62b8b4d0145b68b841e62e7f,55,1,4.53,1.82
0ef83d7d83ed97cd2a0049ac8be5f88a,56,1,4.25,1.79
6c177e38df6d3f34182b1f1d427231bf,56,1,4.04,1.79
138dbe45fc62f1e244378131a6801526,58,1,3.98,1.72
8c16d1f32a54d92897cc437244442e1b,118,2,4.33,1.69
2a5b78b41cd05baeac8df54c6606b92c,60,1,4.08,1.67
1b8356dabde1d35e17cef975c3f82730,61,1,4.08,1.64
33a6f4b1e7cdc205511e76ba1b6e0186,126,2,4.36,1.59
289cdb325fb7e7f891c38608bf9e0962,126,2,4.58,1.59
6c7d50c24b3ccd2fd83b44d8bb34e073,128,2,4.39,1.56
609e1a9a6c2539919b8205cf7c4e6ff0,130,2,3.6,1.54
cb8bcce248bb1fb274ba762d8b971456,69,1,4.26,1.45
582d4f8675b945722eda7c0cb61ba4c7,71,1,4.11,1.41
751bdc4d83a466c7206cd42e8f426b03,73,1,3.55,1.37
e26901d5ab434ce92fd9b5c256820a4e,221,3,4.06,1.36
91f848e9f4be368f4318775aac733370,74,1,4.28,1.35
520b493b57809f446cb0a233bb3e25c7,74,1,4.38,1.35
d921b68bf747894be13a97ae52b0f386,77,1,4.56,1.3
c3cfdc648177fdbbbb35635a37472c53,314,4,4.45,1.27
9d5a9018aee56acb367ba9c3f05d1d6a,79,1,4.41,1.27
6cd68b3ed6d59aaa9fece558ad360c0a,157,2,4.45,1.27
ce27a3cc3c8cc1ea79d11e561e9bebb6,165,2,3.87,1.21
259f7b5e6e482c230e5bfaa670b6bb8f,166,2,4.21,1.2
080199a181c46c657dc5aa235411be3b,83,1,4.61,1.2
744dac408745240a2c2528fb1b6028f3,84,1,4.55,1.19
dfa0c4c6229ab200a4a1336b4d7128ff,86,1,4.01,1.16
0df3984f9dfb3d49ac6366acbd3bbb85,89,1,4.3,1.12
48162d548f5b1b11b9d29d1e01f75a61,91,1,3.76,1.1
725c32fa80c2faacc4fc88450d27314e,93,1,4.54,1.08
d12c926d74ceff0a90a21184466ce161,101,1,4.09,0.99
5c243662ce92d84573bfaff24c3e3700,101,1,4.13,0.99
530ec6109d11eaaf87999465c6afee01,104,1,4.22,0.96
822166ed1e47908f7cfb49946d03c726,110,1,3.94,0.91
612170e34b97004b3ba37eae81836b4c,110,1,4.43,0.91
17ca9b9e9b9ef8fdb529001b49ebb50f,130,1,4.02,0.77
12b9676b00f60f3b700e83af21824c0e,136,1,4.51,0.74
ca3bd7cd9f149df75950150d010fe4a2,138,1,3.72,0.72
0ea22c1cfbdc755f86b9b54b39c16043,277,2,4.33,0.72
0bae85eb84b9fb3bd773911e89288d54,146,1,4.21,0.68
fa1a9dec3a9940c072684a46728bf1fc,60,0,3.98,0.0
eed78ac17f7f795a19a709745f00cd4e,56,0,3.41,0.0
f3b80352b986ab4d1057a4b724be19d0,92,0,4.13,0.0
fc906263ca5083d09dce42fe02247800,120,0,4.36,0.0
6df688df543f90e9b38f4319e75a9d88,56,0,4.52,0.0
9616352088dcf83a7c06637f4ebf1c80,99,0,4.24,0.0
81f89e42267213cb94da7ddc301651da,52,0,3.54,0.0
8ae520247981aa06bc94abddf5f46d34,65,0,4.45,0.0
b372ee768ed69e46ca8cdbd267aa7a38,70,0,4.4,0.0
b1a81260566c1bac3114a6d124413f27,54,0,4.22,0.0
4da0e408c99d2fdc2126dc9fce518060,60,0,4.5,0.0
57e632711dec9ec14ca7546769483e7e,66,0,4.42,0.0
3bb548e3cb7f70f28e3f11ee9dce0e59,53,0,3.98,0.0
cc63f0dd2acba93ffed4fe9f8e0321fa,63,0,4.05,0.0
d57e18d5f73c7ccb7f7339b61166898d,63,0,4.44,0.0
2b3e4a2a3ea8e01938cabda2a3e5cc79,54,0,4.39,0.0
3504c0cb71d7fa48d967e0e4c94d59d9,53,0,4.42,0.0
d566c37fa119d5e66c4e9052e83ee4ea,73,0,4.72,0.0
06e5eefc71ec47ae763c5c6f8db7064f,95,0,3.9,0.0
e882b2a25a10b9c057cc49695f222c19,60,0,4.6,0.0
